{"cameraMode":{"drawMode":0,"name":"Shaded","section":"Shading Mode"},"sceneLighting":true,"audioPlay":false,"sceneViewState":{"showFog":true,"showMaterialUpdate":false,"showSkybox":true,"showFlares":true,"showImageEffects":true,"showParticleSystems":true},"in2DMode":false,"pivot":{"x":1.6663304567337037,"y":6.315468788146973,"z":8.090611457824707},"rotation":{"x":0.16308455169200898,"y":-0.8345733284950256,"z":0.40500515699386599,"w":0.3360382616519928},"size":13.157572746276856,"orthographic":false}